Expiry,Strike,Call Bid,Call Ask,Put Bid,Put Ask
09/28/2026,4455,,,163.00,168.00
10/29/2026,3120,1317.15,1357.40,0.0,0.10
10/29/2026,3230,1213.25,1250.20,0.0,0.15
10/29/2026,3340,1100.40,1134.05,0.0,0.20
10/29/2026,3455,989.10,1019.35,0.10,0.35
10/29/2026,3565,880.25,2726.60,0.35,0.60
10/29/2026,3675,777.50,801.15,0.90,1.15
10/29/2026,3785,666.55,686.95,2.15,2.40
10/29/2026,3900,557.30,574.35,4.80,5.05
10/29/2026,4010,455.70,469.65,9.70,10.05
10/29/2026,4120,357.70,368.60,18.65,
10/29/2026,4230,264.70,272.80,34.05,35.15
10/29/2026,4345,177.30,182.75,60.40,62.30
10/29/2026,4455,109.25,112.60,100.25,103.35
10/29/2026,4565,57.25,59.05,156.60,161.40
10/29/2026,4680,23.20,24.00,235.70,242.90
10/29/2026,4790,7.40,7.65,327.35,337.35
10/29/2026,4900,1.70,1.95,430.60,443.75
10/29/2026,5010,0.25,0.50,534.95,551.30
10/29/2026,5125,0.0,0.20,649.90,669.70
10/29/2026,5235,0.0,0.15,755.30,778.40
10/29/2026,5345,0.0,0.10,862.75,889.15
10/29/2026,5455,0.0,0.10,972.05,1001.70
10/29/2026,5570,0.0,0.10,1082.15,1115.30
10/29/2026,5680,0.0,0.10,1191.50,1227.90
10/29/2026,5790,0.0,0.10,1299.60,1339.30
11/29/2026,3120,1327.75,1368.15,0.50,0.75
11/29/2026,3230,1218.45,1255.60,0.90,1.15
11/29/2026,3340,1111.65,1145.50,1.65,1.90
11/29/2026,3455,996.25,1026.75,3.00,3.25
11/29/2026,3565,921.85,894.60,5.05,5.30
11/29/2026,3675,790.35,814.45,8.25,8.55
11/29/2026,3785,684.50,705.50,13.00,13.45
11/29/2026,3900,583.35,601.15,20.65,21.30
11/29/2026,4010,,,31.15,32.15
11/29/2026,4120,392.40,404.40,46.55,48.00
11/29/2026,4230,307.15,316.55,67.75,69.90
11/29/2026,4345,224.25,231.15,97.80,100.80
11/29/2026,4455,155.35,160.15,nan,142.00
11/29/2026,4565,98.75,101.85,188.35,194.15
11/29/2026,4680,54.50,56.20,255.70,263.55
11/29/2026,4790,26.70,27.55,336.40,346.70
11/29/2026,4900,11.35,11.75,427.35,440.45
11/29/2026,5010,4.25,4.50,529.80,546.00
11/29/2026,5125,1.35,1.60,641.10,660.60
11/29/2026,5235,0.40,0.65,747.10,769.85
11/29/2026,5345,0.05,0.30,854.85,880.85
11/29/2026,5455,0.0,0.20,961.75,991.05
11/29/2026,5570,0.0,0.15,1073.70,1106.45
11/29/2026,5680,0.0,0.15,1181.15,1217.15
11/29/2026,5790,0.0,0.15,1284.45,1323.70
11/29/2026,abc,483.75,498.55,,
12/29/2026,3120,1335.75,1376.35,2.50,2.75
12/29/2026,3230,1225.45,1262.80,3.85,4.10
12/29/2026,3340,1119.70,1153.85,5.90,6.15
12/29/2026,3455,1010.05,1040.90,8.85,9.20
12/29/2026,3565,906.65,934.35,12.85,13.30
12/29/2026,3675,806.15,830.75,18.50,19.10
12/29/2026,3785,704.30,725.85,26.10,26.95
12/29/2026,3900,606.40,624.90,37.00,38.20
12/29/2026,4010,511.90,527.55,50.65,52.25
12/29/2026,4120,422.50,435.45,68.80,70.95
12/29/2026,4230,339.40,349.75,92.75,95.60
12/29/2026,4345,258.50,266.45,123.95,127.80
12/29/2026,4455,190.30,196.15,-0.05,168.00
12/29/2026,4565,131.70,135.75,211.10,217.55
12/29/2026,4680,81.55,84.10,274.40,282.80
12/29/2026,4790,47.20,48.70,346.10,356.75
12/29/2026,4900,24.80,25.60,430.30,443.50
12/29/2026,5010,11.95,12.40,526.45,542.50
12/29/2026,5125,5.20,5.45,631.80,651.10
12/29/2026,5235,2.25,2.50,735.20,757.70
12/29/2026,5345,0.90,1.15,838.65,864.35
12/29/2026,5455,0.30,0.55,945.80,974.75
12/29/2026,5570,0.05,0.30,1058.25,1090.60
12/29/2026,5680,0.0,0.20,1163.75,1199.35
12/29/2026,5790,0.0,0.15,1279.35,1318.25
03/30/2027,3120,1361.50,1402.90,14.35,14.85
03/30/2027,3230,1257.40,1295.70,18.70,19.35
03/30/2027,3340,1157.40,1192.60,24.15,24.90
03/30/2027,3455,1052.15,1084.20,31.25,32.25
03/30/2027,3565,953.40,982.45,39.85,41.10
03/30/2027,3675,855.10,881.30,50.20,51.75
03/30/2027,3785,761.55,784.90,62.90,64.85
03/30/2027,3900,666.35,686.75,79.10,81.55
03/30/2027,4010,581.70,599.45,97.25,100.25
03/30/2027,4120,498.75,513.90,119.20,122.90
03/30/2027,4230,416.90,429.70,145.85,150.35
03/30/2027,4345,340.45,350.85,179.15,184.65
03/30/2027,4455,270.55,278.85,216.65,223.30
03/30/2027,4565,209.80,216.25,262.90,270.95
03/30/2027,4680,154.45,159.20,318.00,327.70
03/30/2027,4790,109.70,113.10,377.65,389.25
03/30/2027,4900,74.25,76.55,448.80,462.55
03/30/2027,5010,47.90,49.40,528.00,544.20
03/30/2027,5125,28.90,29.85,622.35,641.35
03/30/2027,5235,17.20,17.80,718.50,740.35
03/30/2027,5345,10.15,10.50,812.50,837.40
03/30/2027,5455,5.90,6.15,919.55,947.55
03/30/2027,5570,3.30,3.55,1026.05,1057.35
03/30/2027,5680,1.85,2.10,1134.10,1168.60
03/30/2027,5790,1.05,1.30,1232.25,1269.95
09/28/2027,3120,1407.40,1450.45,41.60,42.90
09/28/2027,3230,1312.25,1352.40,49.70,51.30
09/28/2027,3340,1224.25,1261.55,59.45,61.35
09/28/2027,3455,1126.90,1161.20,71.40,73.65
09/28/2027,3565,1033.35,1064.85,84.55,87.20
09/28/2027,3675,943.70,972.55,100.05,103.15
09/28/2027,3785,855.35,881.50,117.55,121.15
09/28/2027,3900,770.80,794.30,137.55,141.80
09/28/2027,4010,686.20,707.20,161.30,166.25
09/28/2027,4120,612.55,631.20,187.25,193.00
09/28/2027,4230,536.80,553.15,215.80,222.45
09/28/2027,4345,460.45,474.60,250.20,257.90
09/28/2027,4455,395.85,407.90,288.40,297.25
09/28/2027,4565,332.55,342.75,332.25,342.40
09/28/2027,4680,275.80,284.20,381.75,393.40
09/28/2027,4790,223.55,230.45,434.00,447.30
09/28/2027,4900,178.90,184.40,495.40,510.50
09/28/2027,5010,140.25,144.55,558.40,575.45
09/28/2027,5125,106.10,109.35,633.20,652.55
09/28/2027,5235,79.75,82.25,713.70,735.40
09/28/2027,5345,58.30,60.15,793.80,818.05
09/28/2027,5455,42.05,43.35,882.15,909.05
09/28/2027,5570,29.45,30.40,975.55,1005.40
09/28/2027,5680,20.55,21.25,1075.05,1107.80
09/28/2027,5790,14.40,14.90,1170.50,1206.25
