Symbol,Expiration,Strike,Type,Bid,Ask,Bid Size,Ask Size,Quote Time
SYNTH-20261028-C3150,2026-10-28T20:00:00Z,3150,C,1330.70,1371.35,118,120,2026-09-28T19:59:45.021664
SYNTH-20261028-P3150,2026-10-28T20:00:00Z,3150,P,0.0,0.10,80,185,2026-09-28T19:59:55.562217
SYNTH-20261028-C3260,2026-10-28T20:00:00Z,3260,C,1222.45,1259.85,151,189,2026-09-28T19:59:56.106782
SYNTH-20261028-P3260,2026-10-28T20:00:00Z,3260,P,0.0,0.15,30,102,2026-09-28T19:59:48.930206
SYNTH-20261028-C3375,2026-10-28T20:00:00Z,3375,C,1114.95,1148.95,171,28,2026-09-28T19:59:51.740736
SYNTH-20261028-P3375,2026-10-28T20:00:00Z,3375,P,0.0,0.15,92,102,2026-09-28T19:59:39.889182
SYNTH-20261028-C3490,2026-10-28T20:00:00Z,3490,C,1003.15,1033.70,196,196,2026-09-28T19:59:43.527742
SYNTH-20261028-P3490,2026-10-28T20:00:00Z,3490,P,0.0,0.20,164,97,2026-09-28T19:59:43.388089
SYNTH-20261028-C3600,2026-10-28T20:00:00Z,3600,C,891.90,919.15,144,47,2026-09-28T19:59:42.252141
SYNTH-20261028-P3600,2026-10-28T20:00:00Z,3600,P,0.15,0.40,193,26,2026-09-28T19:59:33.979993
SYNTH-20261028-C3710,2026-10-28T20:00:00Z,3710,C,785.05,809.00,3,17,2026-09-28T19:59:51.685653
SYNTH-20261028-P3710,2026-10-28T20:00:00Z,3710,P,0.50,0.75,48,30,2026-09-28T19:59:47.101539
SYNTH-20261028-C3825,2026-10-28T20:00:00Z,3825,C,674.05,694.60,113,180,2026-09-28T19:59:53.933519
SYNTH-20261028-P3825,2026-10-28T20:00:00Z,3825,P,1.30,1.55,35,40,2026-09-28T19:59:59.007759
SYNTH-20261028-C3940,2026-10-28T20:00:00Z,3940,C,561.45,578.65,68,181,2026-09-28T19:59:45.932755
SYNTH-20261028-P3940,2026-10-28T20:00:00Z,3940,P,3.20,3.45,178,4,2026-09-28T19:59:49.820380
SYNTH-20261028-C4050,2026-10-28T20:00:00Z,4050,C,456.60,470.60,,92,2026-09-28T19:59:30.106924
SYNTH-20261028-P4050,2026-10-28T20:00:00Z,4050,P,6.90,7.15,99,7,2026-09-28T19:59:58.359958
SYNTH-20261028-C4160,2026-10-28T20:00:00Z,4160,C,357.75,368.65,5,62,2026-09-28T19:59:42.363542
SYNTH-20261028-P4160,2026-10-28T20:00:00Z,4160,P,13.90,,155,35,
SYNTH-20261028-C4275,2026-10-28T20:00:00Z,4275,C,256.60,264.50,2,93,2026-09-28T19:59:34.826255
SYNTH-20261028-P4275,2026-10-28T20:00:00Z,4275,P,27.50,28.40,197,39,2026-09-28T19:59:37.822594
SYNTH-20261028-C4390,2026-10-28T20:00:00Z,4390,C,168.15,173.35,173,179,2026-09-28T19:59:42.048237
SYNTH-20261028-P4390,2026-10-28T20:00:00Z,4390,P,51.45,53.10,106,38,2026-09-28T19:59:35.845920
SYNTH-20261028-C4500,2026-10-28T20:00:00Z,4500,C,98.00,101.05,72,59,2026-09-28T19:59:59.461139
SYNTH-20261028-P4500,2026-10-28T20:00:00Z,4500,P,89.40,92.15,58,170,2026-09-28T19:59:45.204631
SYNTH-20261028-C4610,2026-10-28T20:00:00Z,abc,C,46.65,48.15,95,52,2026-09-28T19:59:50.544518
SYNTH-20261028-P4610,2026-10-28T20:00:00Z,4610,P,146.20,150.70,101,68,2026-09-28T19:59:31.769820
SYNTH-20261028-C4725,2026-10-28T20:00:00Z,4725,C,15.55,16.05,199,149,2026-09-28T19:59:50.570411
SYNTH-20261028-P4725,2026-10-28T20:00:00Z,4725,P,226.55,233.55,106,81,2026-09-28T19:59:57.976832
SYNTH-20261028-C4840,2026-10-28T20:00:00Z,4840,C,3.40,3.65,61,148,2026-09-28T19:59:34.643251
SYNTH-20261028-P4840,2026-10-28T20:00:00Z,4840,P,328.25,338.30,183,138,2026-09-28T19:59:40.155735
SYNTH-20261028-C4950,2026-10-28T20:00:00Z,4950,C,0.50,0.75,96,30,2026-09-28T19:59:32.174922
SYNTH-20261028-P4950,2026-10-28T20:00:00Z,4950,P,433.70,446.95,133,89,2026-09-28T19:59:55.691357
SYNTH-20261028-C5060,2026-10-28T20:00:00Z,5060,C,0.00,0.25,34,152,2026-09-28T19:59:33.159066
SYNTH-20261028-P5060,2026-10-28T20:00:00Z,5060,P,538.85,555.35,128,33,2026-09-28T19:59:49.217638
SYNTH-20261028-C5175,2026-10-28T20:00:00Z,5175,C,0.0,0.15,193,49,2026-09-28T19:59:55.679539
SYNTH-20261028-P5175,2026-10-28T20:00:00Z,5175,P,652.90,672.85,126,174,2026-09-28T19:59:58.173399
SYNTH-20261028-C5290,2026-10-28T20:00:00Z,5290,C,0.0,0.15,1,100,2026-09-28T19:59:55.207553
SYNTH-20261028-P5290,2026-10-28T20:00:00Z,5290,P,764.05,787.40,73,47,2026-09-28T19:59:41.670606
SYNTH-20261028-C5400,2026-10-28T20:00:00Z,5400,C,0.0,0.10,169,111,2026-09-28T19:59:56.542875
SYNTH-20261028-P5400,2026-10-28T20:00:00Z,5400,P,875.40,902.05,99,129,2026-09-28T19:59:50.255981
SYNTH-20261028-C5510,2026-10-28T20:00:00Z,5510,C,0.0,0.10,45,63,2026-09-28T19:59:56.080230
SYNTH-20261028-P5510,2026-10-28T20:00:00Z,5510,P,981.70,1011.65,114,24,2026-09-28T19:59:32.620835
SYNTH-20261028-C5625,2026-10-28T20:00:00Z,5625,C,0.0,0.10,136,192,2026-09-28T19:59:43.154939
SYNTH-20261028-P5625,2026-10-28T20:00:00Z,5625,P,1098.75,1132.20,165,14,2026-09-28T19:59:38.992678
SYNTH-20261028-C5740,2026-10-28T20:00:00Z,5740,C,0.0,0.15,98,29,2026-09-28T19:59:39.498758
SYNTH-20261028-P5740,2026-10-28T20:00:00Z,5740,P,nan,1244.80,69,160,2026-09-28T19:59:58.520320
SYNTH-20261028-C5850,2026-10-28T20:00:00Z,5850,C,0.0,0.15,166,152,2026-09-28T19:59:35.861157
SYNTH-20261028-P5850,2026-10-28T20:00:00Z,5850,P,1313.95,1354.10,70,50,2026-09-28T19:59:36.307785
SYNTH-20261128-C3150,2026-11-28T20:00:00Z,3150,C,1335.95,1376.80,59,100,2026-09-28T19:59:48.288299
SYNTH-20261128-P3150,2026-11-28T20:00:00Z,3150,P,0.25,0.50,134,120,2026-09-28T19:59:41.826513
SYNTH-20261128-C3260,2026-11-28T20:00:00Z,3260,C,1229.90,1267.45,59,72,2026-09-28T19:59:41.322975
SYNTH-20261128-P3260,2026-11-28T20:00:00Z,3260,P,0.55,0.80,26,159,2026-09-28T19:59:51.287461
SYNTH-20261128-C3375,2026-11-28T20:00:00Z,3375,C,1119.60,1153.80,106,134,2026-09-28T19:59:43.402793
SYNTH-20261128-P3375,2026-11-28T20:00:00Z,3375,P,1.10,1.35,61,195,2026-09-28T19:59:52.271455
SYNTH-20261128-C3490,2026-11-28T20:00:00Z,3490,C,1005.65,1036.45,19,110,
SYNTH-20261128-P3490,2026-11-28T20:00:00Z,3490,P,2.00,2.25,115,160,2026-09-28T19:59:55.352607
SYNTH-20261128-C3600,2026-11-28T20:00:00Z,3600,C,904.55,932.10,130,180,2026-09-28T19:59:40.891008
SYNTH-20261128-P3600,2026-11-28T20:00:00Z,3600,P,3.55,3.80,74,129,2026-09-28T19:59:51.036466
SYNTH-20261128-C3710,2026-11-28T20:00:00Z,3710,C,796.40,820.70,39,77,2026-09-28T19:59:37.504667
SYNTH-20261128-P3710,2026-11-28T20:00:00Z,3710,P,5.90,6.15,30,138,2026-09-28T19:59:33.706302
SYNTH-20261128-C3825,2026-11-28T20:00:00Z,3825,C,690.05,711.05,23,156,2026-09-28T19:59:43.212063
SYNTH-20261128-P3825,2026-11-28T20:00:00Z,3825,P,9.85,10.20,58,13,2026-09-28T19:59:43.026209
SYNTH-20261128-C3940,2026-11-28T20:00:00Z,3940,C,582.60,600.40,43,141,2026-09-28T19:59:35.561892
SYNTH-20261128-P3940,2026-11-28T20:00:00Z,3940,P,16.05,16.55,84,176,2026-09-28T19:59:45.117026
SYNTH-20261128-C4050,2026-11-28T20:00:00Z,4050,C,482.15,496.95,167,74,2026-09-28T19:59:33.728984
SYNTH-20261128-P4050,2026-11-28T20:00:00Z,4050,P,24.80,25.60,2,91,2026-09-28T19:59:41.420009
SYNTH-20261128-C4160,2026-11-28T20:00:00Z,4160,C,388.80,400.70,165,28,2026-09-28T19:59:34.439129
SYNTH-20261128-P4160,2026-11-28T20:00:00Z,4160,P,37.90,39.15,56,106,2026-09-28T19:59:47.587496
SYNTH-20261128-C4275,2026-11-28T20:00:00Z,4275,C,296.20,305.30,170,102,2026-09-28T19:59:55.976128
SYNTH-20261128-P4275,2026-11-28T20:00:00Z,4275,P,57.80,59.60,180,3,2026-09-28T19:59:54.862973
SYNTH-20261128-C4390,2026-11-28T20:00:00Z,4390,C,211.25,217.75,25,194,2026-09-28T19:59:46.206129
SYNTH-20261128-P4390,2026-11-28T20:00:00Z,4390,P,85.60,88.25,31,107,2026-09-28T19:59:30.272115
SYNTH-20261128-C4500,2026-11-28T20:00:00Z,4500,C,141.40,145.80,11,42,2026-09-28T19:59:47.443819
SYNTH-20261128-P4500,2026-11-28T20:00:00Z,4500,P,123.60,127.40,27,58,2026-09-28T19:59:43.754589
SYNTH-20261128-C4610,2026-11-28T20:00:00Z,4610,C,84.60,87.25,19,153,2026-09-28T19:59:33.990694
SYNTH-20261128-P4610,2026-11-28T20:00:00Z,4610,P,173.85,179.20,105,147,2026-09-28T19:59:47.834663
SYNTH-20261128-C4725,2026-11-28T20:00:00Z,4725,C,42.05,43.40,180,32,2026-09-28T19:59:57.612221
SYNTH-20261128-P4725,2026-11-28T20:00:00Z,4725,P,243.35,250.85,151,15,2026-09-28T19:59:44.768556
SYNTH-20261128-C4840,2026-11-28T20:00:00Z,4840,C,16.95,17.50,167,77,2026-09-28T19:59:53.416132
SYNTH-20261128-P4840,2026-11-28T20:00:00Z,4840,P,331.85,341.95,173,6,2026-09-28T19:59:41.702571
SYNTH-20261128-C4950,2026-11-28T20:00:00Z,4950,C,6.10,6.35,194,175,2026-09-28T19:59:46.439108
SYNTH-20261128-P4950,2026-11-28T20:00:00Z,4950,P,429.30,442.40,107,177,2026-09-28T19:59:49.046837
SYNTH-20261128-C5060,2026-11-28T20:00:00Z,5060,C,1.95,2.20,185,149,2026-09-28T19:59:47.801580
SYNTH-20261128-P5060,2026-11-28T20:00:00Z,5060,P,530.95,547.15,63,115,2026-09-28T19:59:55.392690
SYNTH-20261128-C5175,2026-11-28T20:00:00Z,5175,C,0.45,0.70,48,162,2026-09-28T19:59:40.099405
SYNTH-20261128-P5175,2026-11-28T20:00:00Z,5175,P,644.60,664.25,156,24,2026-09-28T19:59:46.559250
SYNTH-20261128-C5290,2026-11-28T20:00:00Z,5290,C,0.05,0.30,139,193,2026-09-28T19:59:33.888902
SYNTH-20261128-P5290,2026-11-28T20:00:00Z,5290,P,755.20,778.25,11,75,2026-09-28T19:59:39.797893
SYNTH-20261128-C5400,2026-11-28T20:00:00Z,5400,C,0.0,0.15,18,144,2026-09-28T19:59:51.248550
SYNTH-20261128-P5400,2026-11-28T20:00:00Z,5400,P,861.05,887.35,144,100,2026-09-28T19:59:39.252406
SYNTH-20261128-C5510,2026-11-28T20:00:00Z,5510,C,0.0,0.15,191,34,2026-09-28T19:59:30.971163
SYNTH-20261128-P5510,2026-11-28T20:00:00Z,5510,P,969.70,999.25,45,187,2026-09-28T19:59:55.208561
SYNTH-20261128-C5625,2026-11-28T20:00:00Z,5625,C,0.0,0.15,110,34,2026-09-28T19:59:50.041020
SYNTH-20261128-P5625,2026-11-28T20:00:00Z,5625,P,1083.05,1116.10,92,26,2026-09-28T19:59:48.031232
SYNTH-20261128-C5740,2026-11-28T20:00:00Z,5740,C,0.0,0.10,156,117,2026-09-28T19:59:48.260922
SYNTH-20261128-P5740,2026-11-28T20:00:00Z,5740,P,1195.00,1231.40,104,182,2026-09-28T19:59:32.999168
SYNTH-20261128-C5850,2026-11-28T20:00:00Z,5850,C,0.0,0.15,170,96,2026-09-28T19:59:36.009221
SYNTH-20261128-P5850,2026-11-28T20:00:00Z,5850,P,1302.65,1342.40,116,80,2026-09-28T19:59:48.080548
SYNTH-20261228-C3150,2026-12-28T20:00:00Z,3150,C,1341.10,1382.10,171,49,2026-09-28T19:59:36.035326
SYNTH-20261228-P3150,2026-12-28T20:00:00Z,3150,P,1.70,1.95,54,143,2026-09-28T19:59:46.005619
SYNTH-20261228-C3260,2026-12-28T20:00:00Z,3260,C,1238.90,1276.70,154,132,2026-09-28T19:59:49.076001
SYNTH-20261228-P3260,2026-12-28T20:00:00Z,3260,P,2.70,2.95,196,118,2026-09-28T19:59:59.660044
SYNTH-20261228-C3375,2026-12-28T20:00:00Z,3375,C,1129.20,1163.60,5,83,2026-09-28T18:00:00
SYNTH-20261228-P3375,2026-12-28T20:00:00Z,3375,P,4.35,4.60,195,6,2026-09-28T19:59:59.462224
SYNTH-20261228-C3490,2026-12-28T20:00:00Z,3490,C,1019.85,1050.95,37,14,2026-09-28T19:59:53.212810
SYNTH-20261228-P3490,2026-12-28T20:00:00Z,3490,P,6.65,6.90,7,68,2026-09-28T19:59:48.757708
SYNTH-20261228-C3600,2026-12-28T20:00:00Z,3600,C,915.45,943.40,41,73,2026-09-28T19:59:33.372141
SYNTH-20261228-P3600,2026-12-28T20:00:00Z,3600,P,9.85,10.20,142,1,2026-09-28T19:59:42.659093
SYNTH-20261228-C3710,2026-12-28T20:00:00Z,3710,C,811.55,836.35,168,78,2026-09-28T19:59:50.482893
SYNTH-20261228-P3710,2026-12-28T20:00:00Z,3710,P,14.35,14.85,74,125,2026-09-28T19:59:43.373493
SYNTH-20261228-C3825,2026-12-28T20:00:00Z,3825,C,708.05,729.65,152,71,2026-09-28T19:59:31.276390
SYNTH-20261228-P3825,2026-12-28T20:00:00Z,3825,P,21.05,21.70,2,43,2026-09-28T19:59:46.738733
SYNTH-20261228-C3940,2026-12-28T20:00:00Z,3940,C,605.55,624.00,56,188,2026-09-28T19:59:37.622809
SYNTH-20261228-P3940,2026-12-28T20:00:00Z,3940,P,30.30,31.25,147,26,2026-09-28T19:59:32.475960
SYNTH-20261228-C4050,2026-12-28T20:00:00Z,4050,C,506.65,522.20,168,83,2026-09-28T19:59:54.042383
SYNTH-20261228-P4050,2026-12-28T20:00:00Z,4050,P,42.30,43.65,133,103,2026-09-28T19:59:46.846164
SYNTH-20261228-C4160,2026-12-28T20:00:00Z,4160,C,418.15,430.90,39,135,2026-09-28T19:59:57.881897
SYNTH-20261228-P4160,2026-12-28T20:00:00Z,4160,P,58.10,59.95,72,144,2026-09-28T19:59:52.540544
SYNTH-20261228-C4275,2026-12-28T20:00:00Z,4275,C,328.05,338.10,23,59,2026-09-28T19:59:47.841405
SYNTH-20261228-P4275,2026-12-28T20:00:00Z,4275,P,80.95,83.45,149,7,2026-09-28T19:59:51.757398
SYNTH-20261228-C4390,2026-12-28T20:00:00Z,4390,C,244.70,252.20,48,162,2026-09-28T19:59:59.364199
SYNTH-20261228-P4390,2026-12-28T20:00:00Z,4390,P,110.15,113.55,130,43,2026-09-28T19:59:30.780899
SYNTH-20261228-C4500,2026-12-28T20:00:00Z,4500,C,174.75,180.15,29,62,2026-09-28T19:59:42.444231
SYNTH-20261228-P4500,2026-12-28T20:00:00Z,4500,P,147.45,152.00,144,78,2026-09-28T19:59:56.873694
SYNTH-20261228-C4610,2026-12-28T20:00:00Z,4610,C,115.05,118.60,26,181,2026-09-28T19:59:53.280992
SYNTH-20261228-P4610,2026-12-28T20:00:00Z,4610,P,194.95,200.95,49,136,2026-09-28T19:59:51.873050
SYNTH-20261228-C4725,2026-12-28T20:00:00Z,4725,C,67.15,69.25,65,75,2026-09-28T19:59:51.124670
SYNTH-20261228-P4725,2026-12-28T20:00:00Z,4725,P,259.35,267.30,125,123,2026-09-28T19:59:36.235621
SYNTH-20261228-C4840,2026-12-28T20:00:00Z,4840,C,33.95,35.00,20,151,2026-09-28T19:59:54.577940
SYNTH-20261228-P4840,2026-12-28T20:00:00Z,4840,P,338.70,349.05,8,156,2026-09-28T19:59:33.111632
SYNTH-20261228-C4950,2026-12-28T20:00:00Z,4950,C,15.85,16.40,172,178,2026-09-28T19:59:56.001766
SYNTH-20261228-P4950,2026-12-28T20:00:00Z,4950,P,427.95,441.00,8,136,2026-09-28T19:59:42.708738
SYNTH-20261228-C5060,2026-12-28T20:00:00Z,5060,C,6.85,7.15,198,115,2026-09-28T19:59:49.701596
SYNTH-20261228-P5060,2026-12-28T20:00:00Z,5060,P,525.50,541.55,160,187,2026-09-28T19:59:38.730907
SYNTH-20261228-C5175,2026-12-28T20:00:00Z,5175,C,2.70,2.95,77,75,2026-09-28T19:59:48.375887
SYNTH-20261228-P5175,2026-12-28T20:00:00Z,5175,P,635.65,655.00,158,160,2026-09-28T19:59:48.161343
SYNTH-20261228-C5290,2026-12-28T20:00:00Z,5290,C,0.95,1.20,10,103,2026-09-28T19:59:46.466762
SYNTH-20261228-P5290,2026-12-28T20:00:00Z,5290,P,745.80,768.50,90,31,
SYNTH-20261228-C5400,2026-12-28T20:00:00Z,5400,C,0.35,0.60,44,31,2026-09-28T19:59:41.125813
SYNTH-20261228-P5400,2026-12-28T20:00:00Z,5400,P,852.85,878.80,54,192,2026-09-28T19:59:43.396091
SYNTH-20261228-C5510,2026-12-28T20:00:00Z,5510,C,0.05,0.30,173,65,2026-09-28T19:59:44.250897
SYNTH-20261228-P5510,2026-12-28T20:00:00Z,5510,P,958.75,987.95,53,102,2026-09-28T19:59:41.757761
SYNTH-20261228-C5625,2026-12-28T20:00:00Z,5625,C,0.0,0.20,93,75,2026-09-28T19:59:44.881701
SYNTH-20261228-P5625,2026-12-28T20:00:00Z,5625,P,1072.90,1105.55,128,95,2026-09-28T19:59:46.154299
SYNTH-20261228-C5740,2026-12-28T20:00:00Z,5740,C,0.0,0.15,176,190,2026-09-28T19:59:52.384944
SYNTH-20261228-P5740,2026-12-28T20:00:00Z,5740,P,1180.15,1216.20,33,119,2026-09-28T19:59:33.949751
SYNTH-20261228-C5850,2026-12-28T20:00:00Z,5850,C,0.0,0.15,153,188,2026-09-28T19:59:55.077762
SYNTH-20261228-P5850,2026-12-28T20:00:00Z,5850,P,1291.80,1331.10,161,142,2026-09-28T19:59:42.959634
SYNTH-20270329-C3150,2027-03-29T20:00:00Z,3150,C,1371.95,1413.75,120,127,2026-09-28T19:59:46.548471
SYNTH-20270329-P3150,2027-03-29T20:00:00Z,3150,P,11.65,12.05,23,135,2026-09-28T19:59:59.359195
SYNTH-20270329-C3260,2027-03-29T20:00:00Z,3260,C,1266.85,1305.50,165,53,2026-09-28T19:59:32.833032
SYNTH-20270329-P3260,2027-03-29T20:00:00Z,3260,P,15.35,15.85,148,179,2026-09-28T19:59:30.410178
SYNTH-20270329-C3375,2027-03-29T20:00:00Z,3375,C,1165.05,1200.45,110,33,2026-09-28T19:59:55.228021
SYNTH-20270329-P3375,2027-03-29T20:00:00Z,3375,P,20.15,20.80,4,23,2026-09-28T19:59:49.155512
SYNTH-20270329-C3490,2027-03-29T20:00:00Z,3490,C,1053.25,1085.45,65,186,2026-09-28T19:59:59.445689
SYNTH-20270329-P3490,2027-03-29T20:00:00Z,3490,P,26.30,27.20,49,91,2026-09-28T19:59:41.219059
SYNTH-20270329-C3600,2027-03-29T20:00:00Z,3600,C,959.00,988.20,86,77,2026-09-28T19:59:35.816014
SYNTH-20270329-P3600,2027-03-29T20:00:00Z,3600,P,33.75,34.80,81,57,2026-09-28T19:59:57.075247
SYNTH-20270329-C3710,2027-03-29T20:00:00Z,3710,C,858.30,884.55,103,65,2026-09-28T19:59:50.743225
SYNTH-20270329-P3710,2027-03-29T20:00:00Z,3710,P,42.85,44.20,138,66,2026-09-28T19:59:50.016900
SYNTH-20270329-C3825,2027-03-29T20:00:00Z,3825,C,762.75,786.00,95,2,2026-09-28T19:59:59.635709
SYNTH-20270329-P3825,2027-03-29T20:00:00Z,3825,P,54.40,56.10,104,127,2026-09-28T19:59:34.033644
SYNTH-20270329-C3940,2027-03-29T20:00:00Z,3940,C,665.45,685.75,16,44,2026-09-28T19:59:31.269337
SYNTH-20270329-P3940,2027-03-29T20:00:00Z,3940,P,69.30,71.50,195,104,2026-09-28T19:59:52.721989
SYNTH-20270329-C4050,2027-03-29T20:00:00Z,4050,C,575.85,593.45,33,50,2026-09-28T19:59:36.082236
SYNTH-20270329-P4050,2027-03-29T20:00:00Z,4050,P,86.05,88.70,60,58,2026-09-28T19:59:58.632278
SYNTH-20270329-C4160,2027-03-29T20:00:00Z,4160,C,491.25,506.20,168,116,2026-09-28T19:59:32.846900
SYNTH-20270329-P4160,2027-03-29T20:00:00Z,4160,P,106.90,110.20,38,67,2026-09-28T19:59:32.933684
SYNTH-20270329-C4275,2027-03-29T20:00:00Z,4275,C,406.00,418.40,182,32,2026-09-28T19:59:46.544133
SYNTH-20270329-P4275,2027-03-29T20:00:00Z,4275,P,132.80,136.90,89,138,2026-09-28T19:59:42.190720
SYNTH-20270329-C4390,2027-03-29T20:00:00Z,4390,C,325.70,335.65,167,128,2026-09-28T19:59:58.756646
SYNTH-20270329-P4390,2027-03-29T20:00:00Z,4390,P,165.10,170.15,113,195,2026-09-28T19:59:39.896813
SYNTH-20270329-C4500,2027-03-29T20:00:00Z,4500,C,255.80,263.65,79,28,2026-09-28T19:59:35.693745
SYNTH-20270329-P4500,2027-03-29T20:00:00Z,4500,P,201.90,208.10,34,175,2026-09-28T19:59:46.906859
SYNTH-20270329-C4610,2027-03-29T20:00:00Z,4610,C,193.40,199.35,89,169,2026-09-28T19:59:41.270391
SYNTH-20270329-P4610,2027-03-29T20:00:00Z,4610,P,245.75,253.30,174,194,2026-09-28T19:59:41.402132
SYNTH-20270329-C4725,2027-03-29T20:00:00Z,4725,C,137.40,429.95,123,110,2026-09-28T19:59:56.940142
SYNTH-20270329-P4725,2027-03-29T20:00:00Z,4725,P,301.60,310.80,192,62,2026-09-28T19:59:39.405675
SYNTH-20270329-C4840,2027-03-29T20:00:00Z,4840,C,92.20,95.10,146,96,2026-09-28T19:59:46.551413
SYNTH-20270329-P4840,2027-03-29T20:00:00Z,4840,P,366.20,377.40,31,55,2026-09-28T19:59:41.419939
SYNTH-20270329-C4950,2027-03-29T20:00:00Z,4950,C,59.75,61.60,135,22,2026-09-28T19:59:51.350137
SYNTH-20270329-P4950,2027-03-29T20:00:00Z,4950,P,439.05,452.50,97,32,2026-09-28T19:59:31.928500
SYNTH-20270329-C5060,2027-03-29T20:00:00Z,5060,C,36.25,37.45,71,70,2026-09-28T19:59:32.202748
SYNTH-20270329-P5060,2027-03-29T20:00:00Z,5060,P,523.90,539.85,86,177,2026-09-28T19:59:58.637043
SYNTH-20270329-C5175,2027-03-29T20:00:00Z,5175,C,20.70,21.35,23,148,2026-09-28T19:59:54.583004
SYNTH-20270329-P5175,2027-03-29T20:00:00Z,5175,P,620.25,639.15,140,150,2026-09-28T19:59:31.221528
SYNTH-20270329-C5290,2027-03-29T20:00:00Z,5290,C,11.55,11.95,123,111,2026-09-28T19:59:30.388159
SYNTH-20270329-P5290,2027-03-29T20:00:00Z,5290,P,717.85,739.80,142,79,2026-09-28T19:59:34.518415
SYNTH-20270329-C5400,2027-03-29T20:00:00Z,5400,C,6.45,6.70,187,7,2026-09-28T19:59:44.972690
SYNTH-20270329-P5400,2027-03-29T20:00:00Z,5400,P,817.95,843.00,33,119,2026-09-28T19:59:52.070545
SYNTH-20270329-C5510,2027-03-29T20:00:00Z,5510,C,3.60,3.85,163,163,2026-09-28T19:59:31.284228
SYNTH-20270329-P5510,2027-03-29T20:00:00Z,5510,P,927.45,955.65,197,147,2026-09-28T19:59:40.909811
SYNTH-20270329-C5625,2027-03-29T20:00:00Z,5625,C,1.95,2.20,128,13,2026-09-28T19:59:57.557016
SYNTH-20270329-P5625,2027-03-29T20:00:00Z,5625,P,1035.80,1067.30,181,158,2026-09-28T19:59:53.929611
SYNTH-20270329-C5740,2027-03-29T20:00:00Z,5740,C,1.00,1.25,51,112,2026-09-28T19:59:59.791589
SYNTH-20270329-P5740,2027-03-29T20:00:00Z,5740,P,1143.40,1178.25,35,52,2026-09-28T19:59:57.783474
SYNTH-20270329-C5850,2027-03-29T20:00:00Z,5850,C,0.50,0.75,59,141,2026-09-28T19:59:49.629590
SYNTH-20270329-P5850,2027-03-29T20:00:00Z,5850,P,1246.45,1284.55,96,121,2026-09-28T19:59:46.701231
SYNTH-20270927-C3150,2027-09-27T20:00:00Z,3150,C,1427.15,1470.50,42,16,2026-09-28T19:59:56.550372
SYNTH-20270927-P3150,2027-09-27T20:00:00Z,3150,P,36.95,38.10,41,33,2026-09-28T19:59:53.382642
SYNTH-20270927-C3260,2027-09-27T20:00:00Z,3260,C,1321.55,1362.00,5,45,2026-09-28T19:59:53.713636
SYNTH-20270927-P3260,2027-09-27T20:00:00Z,3260,P,44.70,46.10,113,73,2026-09-28T19:59:40.567934
SYNTH-20270927-C3375,2027-09-27T20:00:00Z,3375,C,1223.30,1260.70,91,53,2026-09-28T19:59:57.159838
SYNTH-20270927-P3375,2027-09-27T20:00:00Z,3375,P,53.95,55.65,90,174,2026-09-28T19:59:45.568935
SYNTH-20270927-C3490,2027-09-27T20:00:00Z,3490,C,1130.40,1164.80,119,8,2026-09-28T19:59:53.902973
SYNTH-20270927-P3490,2027-09-27T20:00:00Z,3490,P,64.85,66.90,158,73,2026-09-28T19:59:46.926289
SYNTH-20270927-C3600,2027-09-27T20:00:00Z,3600,C,1038.10,1069.70,59,51,2026-09-28T19:59:57.483323
SYNTH-20270927-P3600,2027-09-27T20:00:00Z,3600,P,77.40,79.80,28,103,2026-09-28T19:59:42.957969
SYNTH-20270927-C3710,2027-09-27T20:00:00Z,3710,C,949.55,978.45,56,39,2026-09-28T19:59:56.600075
SYNTH-20270927-P3710,2027-09-27T20:00:00Z,3710,P,94.30,91.50,4,196,2026-09-28T19:59:43.040652
SYNTH-20270927-C3825,2027-09-27T20:00:00Z,3825,C,858.00,884.10,141,152,2026-09-28T19:59:42.381889
SYNTH-20270927-P3825,2027-09-27T20:00:00Z,3825,P,108.70,112.05,130,120,2026-09-28T19:59:56.011992
SYNTH-20270927-C3940,2027-09-27T20:00:00Z,3940,C,764.70,788.05,67,32,2026-09-28T19:59:49.231126
SYNTH-20270927-P3940,2027-09-27T20:00:00Z,3940,P,127.80,131.75,129,143,2026-09-28T19:59:34.390607
SYNTH-20270927-C4050,2027-09-27T20:00:00Z,4050,C,684.75,705.60,1,84,2026-09-28T19:59:51.359167
SYNTH-20270927-P4050,2027-09-27T20:00:00Z,4050,P,149.65,154.25,52,168,2026-09-28T19:59:41.934722
SYNTH-20270927-C4160,2027-09-27T20:00:00Z,4160,C,605.45,623.90,69,52,2026-09-28T19:59:31.986025
SYNTH-20270927-P4160,2027-09-27T20:00:00Z,4160,P,175.15,180.50,159,107,2026-09-28T19:59:56.198517
SYNTH-20270927-C4275,2027-09-27T20:00:00Z,4275,C,523.50,539.55,152,108,2026-09-28T19:59:43.789515
SYNTH-20270927-P4275,2027-09-27T20:00:00Z,4275,P,204.35,210.65,66,142,2026-09-28T19:59:49.515167
SYNTH-20270927-C4390,2027-09-27T20:00:00Z,4390,C,450.20,464.00,9,23,2026-09-28T19:59:47.770871
SYNTH-20270927-P4390,2027-09-27T20:00:00Z,4390,P,238.25,245.55,50,194,2026-09-28T19:59:34.588010
SYNTH-20270927-C4500,2027-09-27T20:00:00Z,4500,C,382.90,394.60,116,174,2026-09-28T19:59:33.875770
SYNTH-20270927-P4500,2027-09-27T20:00:00Z,4500,P,275.15,283.60,189,139,2026-09-28T19:59:51.785666
SYNTH-20270927-C4610,2027-09-27T20:00:00Z,4610,C,320.60,330.45,26,73,2026-09-28T19:59:31.341110
SYNTH-20270927-P4610,2027-09-27T20:00:00Z,4610,P,318.25,327.95,76,43,2026-09-28T19:59:38.781224
SYNTH-20270927-C4725,2027-09-27T20:00:00Z,4725,C,262.55,270.60,15,22,2026-09-28T19:59:50.138316
SYNTH-20270927-P4725,2027-09-27T20:00:00Z,4725,P,366.00,377.25,124,126,2026-09-28T19:59:46.445064
SYNTH-20270927-C4840,2027-09-27T20:00:00Z,4840,C,208.55,214.95,114,54,2026-09-28T19:59:34.742620
SYNTH-20270927-P4840,2027-09-27T20:00:00Z,4840,P,424.30,437.25,191,53,2026-09-28T19:59:59.007651
SYNTH-20270927-C4950,2027-09-27T20:00:00Z,4950,C,164.20,169.25,99,70,2026-09-28T19:59:46.569006
SYNTH-20270927-P4950,2027-09-27T20:00:00Z,4950,P,482.65,497.40,102,116,2026-09-28T19:59:34.453719
SYNTH-20270927-C5060,2027-09-27T20:00:00Z,5060,C,126.80,130.75,93,161,2026-09-28T19:59:48.299363
SYNTH-20270927-P5060,2027-09-27T20:00:00Z,5060,P,549.25,566.00,33,182,2026-09-28T19:59:37.619883
SYNTH-20270927-C5175,2027-09-27T20:00:00Z,5175,C,94.00,96.90,40,53,2026-09-28T19:59:46.945239
SYNTH-20270927-P5175,2027-09-27T20:00:00Z,5175,P,627.25,646.35,165,160,2026-09-28T19:59:37.053104
SYNTH-20270927-C5290,2027-09-27T20:00:00Z,5290,C,67.70,69.80,128,176,2026-09-28T19:59:46.899088
SYNTH-20270927-P5290,2027-09-27T20:00:00Z,5290,P,706.65,728.30,3,108,2026-09-28T19:59:35.582507
SYNTH-20270927-C5400,2027-09-27T20:00:00Z,5400,C,48.50,50.05,122,16,2026-09-28T19:59:48.736231
SYNTH-20270927-P5400,2027-09-27T20:00:00Z,5400,P,793.95,818.15,46,6,2026-09-28T19:59:38.192256
SYNTH-20270927-C5510,2027-09-27T20:00:00Z,5510,C,34.15,35.20,13,40,2026-09-28T19:59:36.937055
SYNTH-20270927-P5510,2027-09-27T20:00:00Z,5510,P,882.85,909.80,130,114,2026-09-28T19:59:35.823631
SYNTH-20270927-C5625,2027-09-27T20:00:00Z,5625,C,23.25,24.00,132,149,2026-09-28T19:59:32.724949
SYNTH-20270927-P5625,2027-09-27T20:00:00Z,5625,P,981.05,1010.95,91,116,2026-09-28T19:59:50.014738
SYNTH-20270927-C5740,2027-09-27T20:00:00Z,5740,C,15.70,16.25,18,25,2026-09-28T19:59:56.439257
SYNTH-20270927-P5740,2027-09-27T20:00:00Z,5740,P,1078.10,1111.10,46,49,2026-09-28T19:59:54.889421
SYNTH-20270927-C5850,2027-09-27T20:00:00Z,5850,C,10.75,11.10,25,118,2026-09-28T19:59:42.594965
SYNTH-20270927-P5850,2027-09-27T20:00:00Z,5850,P,1183.85,1219.85,39,78,2026-09-28T19:59:57.145865
SYNTH-20261228-P4500,2026-12-28T20:00:00Z,4500,P,148.45,152.00,144,78,2026-09-28T19:59:56.873694
SYNTH-20261228-P4500-AM,2026-12-28T20:00:00Z,4500,P,147.45,152.00,144,78,2026-09-28T19:59:56.873694
SYNTH-20261228-P4500-ADJ,2026-12-28T20:00:00Z,4500,P,147.45,152.00,144,78,2026-09-28T19:59:56.873694
SYNTH-EXPIRED,2026-09-27T20:00:00Z,4500,P,147.45,152.00,144,78,2026-09-28T19:59:56.873694
SYNTH-NEG,2026-12-28T20:00:00Z,4500,P,-0.05,152.00,144,78,2026-09-28T19:59:56.873694
